PlayListTable.java; net.sourceforge.atunes.gui.views.controls.playList;
MultiFolderSelectionDialog.java; net.sourceforge.atunes.gui.views.dialogs;
EditTagDialog.java; net.sourceforge.atunes.gui.views.dialogs;
RipperProgressDialog.java; net.sourceforge.atunes.gui.views.dialogs;
ExportOptionsDialog.java; net.sourceforge.atunes.gui.views.dialogs;
RipCdDialog.java; net.sourceforge.atunes.gui.views.dialogs;
InternetPanel.java; net.sourceforge.atunes.gui.views.dialogs.editPreferences;
GeneralPanel.java; net.sourceforge.atunes.gui.views.dialogs.editPreferences;
FullScreenDialog.java; net.sourceforge.atunes.gui.views.dialogs.fullScreen;
ApplicationMenuBar.java; net.sourceforge.atunes.gui.views.menu;
PlayerControlsPanel.java; net.sourceforge.atunes.gui.views.panels;
NavigationPanel.java; net.sourceforge.atunes.gui.views.panels;
EqualizerPanel.java; net.sourceforge.atunes.gui.views.panels;
PlayListControlsPanel.java; net.sourceforge.atunes.gui.views.panels;
MenuController.java; net.sourceforge.atunes.kernel.controllers.menu;
SystemTrayHandler.java; net.sourceforge.atunes.kernel.handlers;
AudioScrobblerAlbumsRunnable.java; net.sourceforge.atunes.kernel.modules.audioscrobbler;
Cdda2wav.java; net.sourceforge.atunes.kernel.modules.cdripper.cdda2wav;
PodcastFeedEntryRetriever.java; net.sourceforge.atunes.kernel.modules.podcast;
